{
    "private": {
        "count": 2026,
        "avg_delay": 20.35054901826999,
        "avg_wait": 18.282280355380067,
        "total_co2": 558938322.8200005,
        "total_fuel": 180847216.32999972
    },
    "bus": {
        "count": 34,
        "avg_delay": 89.5969931817219,
        "avg_wait": 11.582352941176469,
        "total_co2": 63291794.57,
        "total_fuel": 20340085.919999998
    }
}