{
    "private": {
        "count": 2026,
        "avg_delay": 20.131754612641785,
        "avg_wait": 17.98716683119442,
        "total_co2": 559313943.6100007,
        "total_fuel": 180966450.59000006
    },
    "bus": {
        "count": 34,
        "avg_delay": 100.11169906407488,
        "avg_wait": 19.358823529411755,
        "total_co2": 67037563.60000002,
        "total_fuel": 21543900.96000001
    }
}